Website,SKU,Link(from where we get info),Name,Type of product,Model/Color,Material,Price,Promo Price,Description of a product (romantic),Size,Info from the file,Width,Depth,Height,Weight,Bullet1,Bullet2,Bullet3,Bullet4,Bullet5,Bullet6,Bullet7,Bullet8,Name of the document1,Downloads1,Name of the document2,Downloads2,Image1,Image2,Image3,Image4,Image5,Image6,Image7,Image8,Image9,Image10
https://ofminc.com/,1070-BLK-NAT,https://ofminc.com/products/ofm-1070-office-computer-desk,"44"" Home Retro Desk, Writing Desk with Storage, Hairpin Legs (1070)",Desk,Natural,,105.40,122.40,"<p>Add a touch of elegance, with the functionality of storage space, with this minimalist 44"" Home Retro Desk, Writing Desk with Storage, Hairpin Legs. The writing desk features clean lines and a simplistic design.
</p>"," 43.31"" L x 21.65"" D x 29"" H",http://images.salsify.com/image/upload/s--H0jqSy1w--/cai2sbfmnnf0y2sdbxsb.pdf," 43.31"" "," 21.65"" "," 29""",150 lb ,Writing desk features clean lines and a simplistic design,Built-in open storage space beneath desk top,"1/2"" thick desk top surface",Industrial style hairpin legs,"Desk dimensions are 43.31"" L x 21.65"" D x 29"" H",150 lb weight capacity,OFM Limited Warranty,,,,Tear Sheet,http://images.salsify.com/image/upload/s--H0jqSy1w--/cai2sbfmnnf0y2sdbxsb.pdf,,,,,,,https://cdn.shopify.com/s/files/1/0460/4428/3047/products/olmybkmibh1xc5itlk44_large.jpg?v=1603311878,https://cdn.shopify.com/s/files/1/0460/4428/3047/products/wzttlgejobmsv1zqg4av_large.jpg?v=1603310428,https://cdn.shopify.com/s/files/1/0460/4428/3047/products/hjm7olig0ffpu8hzdge2_large.jpg?v=1603310428,https://cdn.shopify.com/s/files/1/0460/4428/3047/products/ymgumhpgjazei7pykpv0_large.jpg?v=1603310428
https://ofminc.com/,1070-BLK-KOA,https://ofminc.com/products/ofm-1070-office-computer-desk,"44"" Home Retro Desk, Writing Desk with Storage, Hairpin Legs (1070)",Desk,Knotty Oak,,122.40,122.40,"<p>Add a touch of elegance, with the functionality of storage space, with this minimalist 44"" Home Retro Desk, Writing Desk with Storage, Hairpin Legs. The writing desk features clean lines and a simplistic design.
</p>"," 43.31"" L x 21.65"" D x 29"" H",http://images.salsify.com/image/upload/s--H0jqSy1w--/cai2sbfmnnf0y2sdbxsb.pdf," 43.31"" "," 21.65"" "," 29""",150 lb ,Writing desk features clean lines and a simplistic design,Built-in open storage space beneath desk top,"1/2"" thick desk top surface",Industrial style hairpin legs,"Desk dimensions are 43.31"" L x 21.65"" D x 29"" H",150 lb weight capacity,OFM Limited Warranty,,,,Tear Sheet,http://images.salsify.com/image/upload/s--H0jqSy1w--/cai2sbfmnnf0y2sdbxsb.pdf,https://cdn.shopify.com/s/files/1/0460/4428/3047/products/xgg90njlthroipnofqam_large.jpg?v=1603311878,https://cdn.shopify.com/s/files/1/0460/4428/3047/products/tiwdjstecsrny1m5ikg5_large.jpg?v=1603311878,https://cdn.shopify.com/s/files/1/0460/4428/3047/products/ogzzvrf078vngahqc1iw_large.jpg?v=1603311878,https://cdn.shopify.com/s/files/1/0460/4428/3047/products/tmaprorv1amhf8rw3o42_large.jpg?v=1603311878,https://cdn.shopify.com/s/files/1/0460/4428/3047/products/o9l6ftd6xtkfzwyp4fkf_large.jpg?v=1603311878,,https://cdn.shopify.com/s/files/1/0460/4428/3047/products/olmybkmibh1xc5itlk44_large.jpg?v=1603311878,https://cdn.shopify.com/s/files/1/0460/4428/3047/products/wzttlgejobmsv1zqg4av_large.jpg?v=1603310428,https://cdn.shopify.com/s/files/1/0460/4428/3047/products/hjm7olig0ffpu8hzdge2_large.jpg?v=1603310428,https://cdn.shopify.com/s/files/1/0460/4428/3047/products/ymgumhpgjazei7pykpv0_large.jpg?v=1603310428
https://ofminc.com/,568-BLK,https://ofminc.com/products/ofm-568-executive-office-chair,"Bonded Leather Manager Chair, High Back Office Chair for Computer Desk (568)",Desk,Black,,225.72,,"<p>
</p>",,http://images.salsify.com/image/upload/s--eHiSnrmp--/yxfxzrvkme0x31zsi4xa.pdf,,,,"OFFICE CHAIR with WARRANTY: The twin-wheel casters on the base provide easy mobility, and allow a ",LEATHER WORK CHAIR: Provide the ultimate relaxation and comfort behind your desk with this chair’s extra thick back support,ERGONOMIC ADJUSTMENTS: The lock and tilt mechanism for this chair allows for easy recline or lock in the upright position,DURABLE OFFICE FURNITURE: The chrome base of this chair gives an elegant accent to your office space,CHAIR with ARMS: This chair has height adjustable arms for total upper-body support,"OFFICE CHAIR with WARRANTY: The twin-wheel casters on the base provide easy mobility, and allow a weight capacity up to 250lbs. Backed by OFMs Limited Warranty",,,,Assembly Instructions,http://images.salsify.com/image/upload/s--Dzm7786C--/iywoug3ebehzyyy5wzx2,Tear Sheet,http://images.salsify.com/image/upload/s--eHiSnrmp--/yxfxzrvkme0x31zsi4xa.pdf,https://cdn.shopify.com/s/files/1/0460/4428/3047/products/fqz75tlmv1xkfwkb72jk_large.jpg?v=1602702818,https://cdn.shopify.com/s/files/1/0460/4428/3047/products/dmxvzf8kzgz2nhpfxurh_large.jpg?v=1603310697,https://cdn.shopify.com/s/files/1/0460/4428/3047/products/wugz7k5wzxjqqytirnc1_large.jpg?v=1603310697,https://cdn.shopify.com/s/files/1/0460/4428/3047/products/icyy3odlze7wlqu3ma90_large.jpg?v=1603310697,https://cdn.shopify.com/s/files/1/0460/4428/3047/products/g1mtxv1agtqpdumrrope_large.jpg?v=1603310697,,,,,
https://ofminc.com/,E1000,https://ofminc.com/products/ofm-e1000-office-task-chair,Essentials by OFM E1000 Mesh Swivel Task Chair with Arms,Chair,Black,,90.52,,"<p>
</p>",,http://images.salsify.com/image/upload/s--FOn9kMXO--/q7iqy8rkaeilystkmhlk.pdf,,,,250 pound ,Cooling mesh back: added comfort with breathable fabric that promotes air circulation,Height adjustable: pneumatic seat adjustment adapts chair to multiple body heights,Fixed arms: all-day support for upper body and shoulders,Engineered for maximum comfort and durability,250 pound weight capacity,,,,Assembly Instructions,http://images.salsify.com/image/upload/s--S2XXur-L--/l2kvce2oqrnqj1imy03g.pdf,Tear Sheet,http://images.salsify.com/image/upload/s--FOn9kMXO--/q7iqy8rkaeilystkmhlk.pdf,https://cdn.shopify.com/s/files/1/0460/4428/3047/products/sr40ld3bt7baltif8hal_large.jpg?v=1602702855,https://cdn.shopify.com/s/files/1/0460/4428/3047/products/w4dfb5r0ngkdfq4yhtr5_large.jpg?v=1603310801,https://cdn.shopify.com/s/files/1/0460/4428/3047/products/eggo7c4smbsxygc9razr_large.jpg?v=1603310801,https://cdn.shopify.com/s/files/1/0460/4428/3047/products/vfc605ezxct0nlj7kzn5_large.jpg?v=1603310801,https://cdn.shopify.com/s/files/1/0460/4428/3047/products/db5uqjcq70rxhv5crhl6_large.jpg?v=1603310801,,,,,
https://ofminc.com/,E1001,https://ofminc.com/products/ofm-e1001-office-task-chair,Essentials by OFM E1001 Computer and Task Chair,Chair,Black,,101.52,,"<p>Timelessly functional OFM’s Computer and Task Chair in the Essentials collection, Model E1001, is a necessity for any workspace. A desk job can wreak havoc on your joints and back, to combat this the Computer Task Chair has been engineered for maximum comfort. The cooling mesh back allows the breathable fabric to promote air circulation, while the fixed arms provide all-day support to your upper body. Whether short or tall the pneumatic height adjustable seat adapts to multiple body types. Weight capacity up to 250lbs.
</p>",,http://images.salsify.com/image/upload/s--wDfZisg0--/crzs1msxc6n6dgyhytyb.pdf,,,,250 pound ,Cooling mesh back: added comfort with breathable fabric that promotes air circulation,Height adjustable: pneumatic seat adjustment adapts chair to multiple body heights,Fixed arms: all-day support for upper body and shoulders,Engineered for maximum comfort and durability,250 pound weight capacity,,,,Assembly Instructions,http://images.salsify.com/image/upload/s--7qod5s34--/q2rhctvivwdyt2ugxhe0.pdf,Tear Sheet,http://images.salsify.com/image/upload/s--wDfZisg0--/crzs1msxc6n6dgyhytyb.pdf,https://cdn.shopify.com/s/files/1/0460/4428/3047/products/skltcthy0kiokhrs6zwr_large.jpg?v=1602702857,https://cdn.shopify.com/s/files/1/0460/4428/3047/products/dyqifljtwy5cmlrvvasn_large.jpg?v=1603310807,https://cdn.shopify.com/s/files/1/0460/4428/3047/products/ksfuvmze7utcaeom658d_large.jpg?v=1603310807,https://cdn.shopify.com/s/files/1/0460/4428/3047/products/mnngrxgidli03jsrsr9r_large.jpg?v=1603310807,https://cdn.shopify.com/s/files/1/0460/4428/3047/products/nrickpyregkop5akwvmu_large.jpg?v=1603310807,,,,,
https://ofminc.com/,E1003-BLK,https://ofminc.com/products/ofm-e1003-executive-office-chair,Essentials by OFM E1003 Executive Conference Chair,Chair,Black,,172.8,,"<p>OFM’s Executive Conference Chair in the Essentials collection, Model E1003, is a chair that regards everyone like a CEO. This classically chic chair makes spending time at the desk an absolute joy. Covered by the smooth pliable SofThread Leather, and the segmented padding throughout with the built-in lumbar support; standing-up will not be an option. The chair is supported by a dependable 5-star base and it can hold up to 250lbs.
</p>",,http://images.salsify.com/image/upload/s--0NtSqZmD--/mrq1sehrv8rqycmqnvma.pdf,,,,"Sturdy 25"" 5-star base with casters and 250lb ","SofThread Leather: smooth, pliable seating surface with tufted stitching detail gives an upscale feel at a compelling price",Total support: segmented padding through back and seat with built-in lumbar support,"360-degree swivel, tilt tension, lock, and seat height adjustment for customized ergonomic comfort","Sturdy 25"" 5-star base with casters and 250lb weight capacity",,,,,Assembly Instructions,http://images.salsify.com/image/upload/s--CK-VY2cx--/zwwnowzqrk7qheexzoov.pdf,Tear Sheet,http://images.salsify.com/image/upload/s--0NtSqZmD--/mrq1sehrv8rqycmqnvma.pdf,https://cdn.shopify.com/s/files/1/0460/4428/3047/products/ccmgydr3yuoutpnrfqxr_large.jpg?v=1602702858,https://cdn.shopify.com/s/files/1/0460/4428/3047/products/tyweib8orme7oxigayoz_large.jpg?v=1620762325,https://cdn.shopify.com/s/files/1/0460/4428/3047/products/tiqt0h6y8graopoeedod_large.jpg?v=1620762325,https://cdn.shopify.com/s/files/1/0460/4428/3047/products/er56zgiz54qyxhvi6osi_large.jpg?v=1620762325,https://cdn.shopify.com/s/files/1/0460/4428/3047/products/oyua3y9e9a0ikwcm61rb_large.jpg?v=1620762325,,,,,
https://ofminc.com/,E1008,https://ofminc.com/products/ofm-e1008-executive-office-chair,Essentials by OFM E1008 Mid Back Executive Chair,Chair,Black,,74.4,,"<p>OFM’s Executive Conference Chair in the Essentials collection, Model E1003, is a chair that regards everyone like a CEO. This classically chic chair makes spending time at the desk an absolute joy. Covered by the smooth pliable SofThread Leather, and the segmented padding throughout with the built-in lumbar support; standing-up will not be an option. The chair is supported by a dependable 5-star base and it can hold up to 250lbs.
</p>",,http://images.salsify.com/image/upload/s--x5Bj1o_V--/gr7ocrjzopq4twg65mgi.pdf,,,,"Sturdy 25"" 5-star base with casters and 250lb ","SofThread Leather: smooth, pliable seating surface with tufted stitching detail gives an upscale feel at a compelling price",Total support: segmented padding through back and seat with built-in lumbar support,Gas-lift seat height adjustment and 360-degree swivel for customized ergonomic comfort,"Sturdy 25"" 5-star base with casters and 250lb weight capacity",GreenGuard Certified product,,,,Assembly Instructions,http://images.salsify.com/image/upload/s--uGeR21KJ--/uwhtqpbcbwulb4k7ludh.pdf,Tear Sheet,http://images.salsify.com/image/upload/s--x5Bj1o_V--/gr7ocrjzopq4twg65mgi.pdf,https://cdn.shopify.com/s/files/1/0460/4428/3047/products/n97a7qgdjpb9fkcqk7gh_large.jpg?v=1602702861,https://cdn.shopify.com/s/files/1/0460/4428/3047/products/ikd1yr5pinmmadbltr0u_large.jpg?v=1603310830,https://cdn.shopify.com/s/files/1/0460/4428/3047/products/ykkzi9g5mxpqh1mhu3me_large.jpg?v=1603310830,https://cdn.shopify.com/s/files/1/0460/4428/3047/products/emmflvcj0xtjnazxm43j_large.jpg?v=1603310830,https://cdn.shopify.com/s/files/1/0460/4428/3047/products/vxsxmjmw9ahwdrekoaqt_large.jpg?v=1603310830,,,,,
https://ofminc.com/,ESS-100-BLK,https://ofminc.com/products/ofm-ess-100-office-task-chair,Essentials by OFM ESS-100 Mesh Back Task Chair,Chair,Black,,44.84,,"<p>
</p>",,http://images.salsify.com/image/upload/s--AqDbJ6uw--/zkdk8cduo7axveqjgmau.pdf,,,,250 pound ,"Smart design: cooling, breathable mesh back and stain-resistant fabric seat",Added ergonomic comfort: built-in lumbar support,Fixed looped arms: all-day support and comfort for upper body and shoulders,Height adjustable: gas lift seat adjustment adapts chair to multiple body heights,250 pound weight capacity,,,,Assembly Instructions,http://images.salsify.com/image/upload/s--6SrtQkt5--/c6kopp4bii8sdq5usc41.pdf,Tear Sheet,http://images.salsify.com/image/upload/s--AqDbJ6uw--/zkdk8cduo7axveqjgmau.pdf,https://cdn.shopify.com/s/files/1/0460/4428/3047/products/ng70qsrvmpyb0ixyy0pt_large.jpg?v=1602702881,https://cdn.shopify.com/s/files/1/0460/4428/3047/products/fqmh5hsg0ekkf4iz6bp1_large.jpg?v=1603310842,https://cdn.shopify.com/s/files/1/0460/4428/3047/products/lpcoi8tw0i0b4ptdtlpi_large.jpg?v=1603310842,https://cdn.shopify.com/s/files/1/0460/4428/3047/products/zksm4elzmde0fooki68z_large.jpg?v=1603310842,https://cdn.shopify.com/s/files/1/0460/4428/3047/products/ufz1mt853u4l0pu1h3dy_large.jpg?v=1603310842,,,,,
https://ofminc.com/,ESS-1000-DWD,https://ofminc.com/products/ofm-ess-1000-office-computer-desk,Essentials by OFM ESS-1000 Floating Top Office Desk,Desk,Driftwood,,68.82,,"<p>Inspired by clean lines of Mid-Century Modern Style, The Floating Top Office Desk in the Essentials collection, Model ESS-1000, is truly an eye-catching desk. The realistic wood grain look and texture allows for true product versatility and creative license in terms of decorating or minimalizing. The floating top design is supported by sturdy O-legs and rear stabilizer, it also features leveling feet on all four corners to ensure stability.
</p>",,http://images.salsify.com/image/upload/s--38zf6ZGm--/z3viacgaauljjldrj4aj.pdf,,,,,"Modern, clean floating top design is supported by sturdy O-legs and rear stabilizer",Powder-coated steel frame construction and leveling feet on all four corners,Desk surface features realistic wood grain look and texture,Features leveling feet on all four corners to ensure stability,Easy to assemble.,,,,Assembly Instructions,http://images.salsify.com/image/upload/s--3XGZ59fH--/stkxy6gdxyf7tbhk6tft.pdf,Tear Sheet,http://images.salsify.com/image/upload/s--38zf6ZGm--/z3viacgaauljjldrj4aj.pdf,https://cdn.shopify.com/s/files/1/0460/4428/3047/products/fepbprcaqnhscewdhx4k_large.jpg?v=1602702865,https://cdn.shopify.com/s/files/1/0460/4428/3047/products/tcrgykrxppdbjdrwji9c_large.jpg?v=1603310849,https://cdn.shopify.com/s/files/1/0460/4428/3047/products/ss2vlg43bttmfdeyap9b_large.jpg?v=1603310849,https://cdn.shopify.com/s/files/1/0460/4428/3047/products/wrmtdqhkyrnbcchnogfv_large.jpg?v=1603310849,https://cdn.shopify.com/s/files/1/0460/4428/3047/products/cbybezrijuvyfa06qc4p_large.jpg?v=1603310849,,,,,
https://ofminc.com/,ESS-1002-ESP,https://ofminc.com/products/ofm-ess-1002-office-computer-desk,Essentials by OFM ESS-1002 2-Drawer Office Desk,Desk,Espresso,,90.72,,"<p>Distinguished by its superior build, OFM’s 2-Drawer Office Desk in the Essentials Series, Model ESS-1002 is the epitome of minimalistic style. The clean lines, and slender stature will compliment a multitude of designs and add charm to any workspace. This desk is multi-functional with its simple workspace features, such as its 2-drawer design for extra storage and easy access. Weight capacity up to 200lbs.
</p>",,http://images.salsify.com/image/upload/s--0cp4oTa9--/eo65m8zwtee1ous41u3v.pdf,,,,,"Modern, clean design blends well with any environment and maximizes under-desk space",Sturdy powder-coated steel frame construction and leveling feet to ensure stability,Features two drawers for office supplies and extra storage,Desk surface features realistic wood grain look and texture,Easy to assemble,,,,Assembly Instructions,http://images.salsify.com/image/upload/s--OxMf0RVe--/ixaeja9vlv3nhaivqnd5.pdf,Tear Sheet,http://images.salsify.com/image/upload/s--0cp4oTa9--/eo65m8zwtee1ous41u3v.pdf,,,,,,,https://cdn.shopify.com/s/files/1/0460/4428/3047/products/vknlqutmwl7q1c44crba_large.jpg?v=1616507247,https://cdn.shopify.com/s/files/1/0460/4428/3047/products/bgas5nfxzp6wbjn8nmsg_large.jpg?v=1616507247,https://cdn.shopify.com/s/files/1/0460/4428/3047/products/shyexybupaipxfduosmk_large.jpg?v=1616507247,https://cdn.shopify.com/s/files/1/0460/4428/3047/products/mc15j4bvcf0unekxhoct_large.jpg?v=1616507247
https://ofminc.com/,ESS-1002-HVT,https://ofminc.com/products/ofm-ess-1002-office-computer-desk,Essentials by OFM ESS-1002 2-Drawer Office Desk,Desk,Harvest,,90.72,,"<p>Distinguished by its superior build, OFM’s 2-Drawer Office Desk in the Essentials Series, Model ESS-1002 is the epitome of minimalistic style. The clean lines, and slender stature will compliment a multitude of designs and add charm to any workspace. This desk is multi-functional with its simple workspace features, such as its 2-drawer design for extra storage and easy access. Weight capacity up to 200lbs.
</p>",,http://images.salsify.com/image/upload/s--0cp4oTa9--/eo65m8zwtee1ous41u3v.pdf,,,,,"Modern, clean design blends well with any environment and maximizes under-desk space",Sturdy powder-coated steel frame construction and leveling feet to ensure stability,Features two drawers for office supplies and extra storage,Desk surface features realistic wood grain look and texture,Easy to assemble,,,,Assembly Instructions,http://images.salsify.com/image/upload/s--OxMf0RVe--/ixaeja9vlv3nhaivqnd5.pdf,Tear Sheet,http://images.salsify.com/image/upload/s--0cp4oTa9--/eo65m8zwtee1ous41u3v.pdf,,,,,,,https://cdn.shopify.com/s/files/1/0460/4428/3047/products/vknlqutmwl7q1c44crba_large.jpg?v=1616507247,https://cdn.shopify.com/s/files/1/0460/4428/3047/products/bgas5nfxzp6wbjn8nmsg_large.jpg?v=1616507247,https://cdn.shopify.com/s/files/1/0460/4428/3047/products/shyexybupaipxfduosmk_large.jpg?v=1616507247,https://cdn.shopify.com/s/files/1/0460/4428/3047/products/mc15j4bvcf0unekxhoct_large.jpg?v=1616507247
https://ofminc.com/,ESS-1002-DWD,https://ofminc.com/products/ofm-ess-1002-office-computer-desk,Essentials by OFM ESS-1002 2-Drawer Office Desk,Desk,Driftwood,,90.72,,"<p>Distinguished by its superior build, OFM’s 2-Drawer Office Desk in the Essentials Series, Model ESS-1002 is the epitome of minimalistic style. The clean lines, and slender stature will compliment a multitude of designs and add charm to any workspace. This desk is multi-functional with its simple workspace features, such as its 2-drawer design for extra storage and easy access. Weight capacity up to 200lbs.
</p>",,http://images.salsify.com/image/upload/s--0cp4oTa9--/eo65m8zwtee1ous41u3v.pdf,,,,,"Modern, clean design blends well with any environment and maximizes under-desk space",Sturdy powder-coated steel frame construction and leveling feet to ensure stability,Features two drawers for office supplies and extra storage,Desk surface features realistic wood grain look and texture,Easy to assemble,,,,Assembly Instructions,http://images.salsify.com/image/upload/s--OxMf0RVe--/ixaeja9vlv3nhaivqnd5.pdf,Tear Sheet,http://images.salsify.com/image/upload/s--0cp4oTa9--/eo65m8zwtee1ous41u3v.pdf,https://cdn.shopify.com/s/files/1/0460/4428/3047/products/bc7ddlmrzhiw7jiuubfx_large.jpg?v=1616507247,https://cdn.shopify.com/s/files/1/0460/4428/3047/products/vc4izqnl2lki9s6s5zuc_large.jpg?v=1616507247,https://cdn.shopify.com/s/files/1/0460/4428/3047/products/v11u5nnds2mfnl9o3ls7_large.jpg?v=1616507247,https://cdn.shopify.com/s/files/1/0460/4428/3047/products/oiyfooeok9hm6tgqa6wu_large.jpg?v=1616507247,https://cdn.shopify.com/s/files/1/0460/4428/3047/products/vgtf0cwavkbx6n7j8gl3_large.jpg?v=1616507247,,https://cdn.shopify.com/s/files/1/0460/4428/3047/products/vknlqutmwl7q1c44crba_large.jpg?v=1616507247,https://cdn.shopify.com/s/files/1/0460/4428/3047/products/bgas5nfxzp6wbjn8nmsg_large.jpg?v=1616507247,https://cdn.shopify.com/s/files/1/0460/4428/3047/products/shyexybupaipxfduosmk_large.jpg?v=1616507247,https://cdn.shopify.com/s/files/1/0460/4428/3047/products/mc15j4bvcf0unekxhoct_large.jpg?v=1616507247
https://ofminc.com/,ESS-1003-GRY-WNT,https://ofminc.com/products/ofm-ess-1003-office-computer-desk,Essentials by OFM ESS-1003 Computer Desk with Shelf,Desk,Walnut/Gray,,71.01,90.36,"<p>Distinguished by its superior build, OFM’s Computer Desk with Shelf, Model ESS-1003 is the epitome of minimalistic style. The clean lines, and slender stature will compliment a multitude of designs and add charm to any workspace. This desk is multi-functional with its simple workspace features, wire management cutout and top shelf for easy desk access. Weight capacity up to 200lbs.
</p>",,http://images.salsify.com/image/upload/s--h0TX2DRi--/prlsd9bg5w8qxttj4s8w.pdf,,,,200 lb. ,"Modern, minimalist style that fits with any decor","Multi-functional, simple workspace features wire management cutout plus top shelf for desk accessories",Perfect for small spaces,Desk surface features realistic wood grain look and texture,200 lb. weight capacity,,,,Assembly Instructions,http://images.salsify.com/image/upload/s--n4kVW50h--/qvmtko48nmo77xhfuyo1.pdf,Tear Sheet,http://images.salsify.com/image/upload/s--h0TX2DRi--/prlsd9bg5w8qxttj4s8w.pdf,https://cdn.shopify.com/s/files/1/0460/4428/3047/products/z1l0jejegwrfdv1sgyib_large.jpg?v=1602702872,https://cdn.shopify.com/s/files/1/0460/4428/3047/products/vrdkibaqi9cce9dujwrl_large.jpg?v=1603313308,https://cdn.shopify.com/s/files/1/0460/4428/3047/products/gip7knu3gf0s6jzt1kwm_large.jpg?v=1603313308,https://cdn.shopify.com/s/files/1/0460/4428/3047/products/uzntqvacvervq4uqh95k_large.jpg?v=1603313308,,,,,,
https://ofminc.com/,ESS-1003-WHT-NAT,https://ofminc.com/products/ofm-ess-1003-office-computer-desk,Essentials by OFM ESS-1003 Computer Desk with Shelf,Desk,Natural/White,,73.14,90.36,"<p>Distinguished by its superior build, OFM’s Computer Desk with Shelf, Model ESS-1003 is the epitome of minimalistic style. The clean lines, and slender stature will compliment a multitude of designs and add charm to any workspace. This desk is multi-functional with its simple workspace features, wire management cutout and top shelf for easy desk access. Weight capacity up to 200lbs.
</p>",,http://images.salsify.com/image/upload/s--h0TX2DRi--/prlsd9bg5w8qxttj4s8w.pdf,,,,200 lb. ,"Modern, minimalist style that fits with any decor","Multi-functional, simple workspace features wire management cutout plus top shelf for desk accessories",Perfect for small spaces,Desk surface features realistic wood grain look and texture,200 lb. weight capacity,,,,Assembly Instructions,http://images.salsify.com/image/upload/s--n4kVW50h--/qvmtko48nmo77xhfuyo1.pdf,Tear Sheet,http://images.salsify.com/image/upload/s--h0TX2DRi--/prlsd9bg5w8qxttj4s8w.pdf,https://cdn.shopify.com/s/files/1/0460/4428/3047/products/z1l0jejegwrfdv1sgyib_large.jpg?v=1602702872,https://cdn.shopify.com/s/files/1/0460/4428/3047/products/vrdkibaqi9cce9dujwrl_large.jpg?v=1603313308,https://cdn.shopify.com/s/files/1/0460/4428/3047/products/gip7knu3gf0s6jzt1kwm_large.jpg?v=1603313308,https://cdn.shopify.com/s/files/1/0460/4428/3047/products/uzntqvacvervq4uqh95k_large.jpg?v=1603313308,https://cdn.shopify.com/s/files/1/0460/4428/3047/products/bzusjit58l3gxgrbf10d_large.jpg?v=1603313308,https://cdn.shopify.com/s/files/1/0460/4428/3047/products/xjlh2kic6slgdh9lqbgp_large.jpg?v=1603310873,https://cdn.shopify.com/s/files/1/0460/4428/3047/products/rgmrvfeni7xle7nu2ecm_large.jpg?v=1603310873,https://cdn.shopify.com/s/files/1/0460/4428/3047/products/sid8xkbklbimwzl11pgi_large.jpg?v=1603310873,,
https://ofminc.com/,ESS-1004-GRY-WNT,https://ofminc.com/products/ofm-ess-1004-office-computer-desk,Essentials by OFM ESS-1004 Combination Desk with 4 Shelf Unit,Desk,Walnut/Gray,,98.28,,"<p>The Essentials by OFM ESS-1004 Combination Desk and 4 Shelf Unit features four laminate surfaces to help keep projects organized. It has a durable metal frame that coincides nicely with the laminate surface. The desk is equipped with leveling glides to help keep the desk and shelves balanced and fortified. The ESS-1004 comes in two color options, gray walnut and white natural.
</p>",,http://images.salsify.com/image/upload/s--oEtZ8Lcd--/mwactkfkdb6pgedi6zbd.pdf,,,,"Superiorly engineered, this desk combo boasts a ","Ensuring total space utilization, this product combines four shelves attached to a desk. Not only will you be maximizing your desk space, but the 4 shelves attached to it will also provide extra square footage",The durable metal frame is equipped to handle everything necessary for success in your field,"A gorgeous addition to any space, the realistic wood grain and subtle textures bring an elegance and warmth",Available in two color combinations that will harmonize and complement any choice of décor,"Superiorly engineered, this desk combo boasts a weight capacity of up to 200lbs.",,,,Assembly Instructions,http://images.salsify.com/image/upload/s--PQhUHxv5--/xpybdizovu6fvkbipeos.pdf,Tear Sheet,http://images.salsify.com/image/upload/s--oEtZ8Lcd--/mwactkfkdb6pgedi6zbd.pdf,https://cdn.shopify.com/s/files/1/0460/4428/3047/products/cs5wcrgcmdzwimelk4ew_large.jpg?v=1602702875,https://cdn.shopify.com/s/files/1/0460/4428/3047/products/jcgvcfmgq2n3nijzjlwb_large.jpg?v=1603310879,https://cdn.shopify.com/s/files/1/0460/4428/3047/products/lr3hc30hpxaf0p2zbawk_large.jpg?v=1603310879,https://cdn.shopify.com/s/files/1/0460/4428/3047/products/ppzeoaunwndsnwnelgiy_large.jpg?v=1603310879,https://cdn.shopify.com/s/files/1/0460/4428/3047/products/bdtahk0c5f1mh7orfm36_large.jpg?v=1603310879,,,,,
https://ofminc.com/,ESS-1004-WHT-NAT,https://ofminc.com/products/ofm-ess-1004-office-computer-desk,Essentials by OFM ESS-1004 Combination Desk with 4 Shelf Unit,Desk,Natural/White,,98.28,,"<p>The Essentials by OFM ESS-1004 Combination Desk and 4 Shelf Unit features four laminate surfaces to help keep projects organized. It has a durable metal frame that coincides nicely with the laminate surface. The desk is equipped with leveling glides to help keep the desk and shelves balanced and fortified. The ESS-1004 comes in two color options, gray walnut and white natural.
</p>",,http://images.salsify.com/image/upload/s--oEtZ8Lcd--/mwactkfkdb6pgedi6zbd.pdf,,,,"Superiorly engineered, this desk combo boasts a ","Ensuring total space utilization, this product combines four shelves attached to a desk. Not only will you be maximizing your desk space, but the 4 shelves attached to it will also provide extra square footage",The durable metal frame is equipped to handle everything necessary for success in your field,"A gorgeous addition to any space, the realistic wood grain and subtle textures bring an elegance and warmth",Available in two color combinations that will harmonize and complement any choice of décor,"Superiorly engineered, this desk combo boasts a weight capacity of up to 200lbs.",,,,Assembly Instructions,http://images.salsify.com/image/upload/s--PQhUHxv5--/xpybdizovu6fvkbipeos.pdf,Tear Sheet,http://images.salsify.com/image/upload/s--oEtZ8Lcd--/mwactkfkdb6pgedi6zbd.pdf,https://cdn.shopify.com/s/files/1/0460/4428/3047/products/cs5wcrgcmdzwimelk4ew_large.jpg?v=1602702875,https://cdn.shopify.com/s/files/1/0460/4428/3047/products/jcgvcfmgq2n3nijzjlwb_large.jpg?v=1603310879,https://cdn.shopify.com/s/files/1/0460/4428/3047/products/lr3hc30hpxaf0p2zbawk_large.jpg?v=1603310879,https://cdn.shopify.com/s/files/1/0460/4428/3047/products/ppzeoaunwndsnwnelgiy_large.jpg?v=1603310879,https://cdn.shopify.com/s/files/1/0460/4428/3047/products/bdtahk0c5f1mh7orfm36_large.jpg?v=1603310879,,https://cdn.shopify.com/s/files/1/0460/4428/3047/products/lpyrit8zpfufzp0zlfbj_large.jpg?v=1603313442,,,
https://ofminc.com/,ESS-101-BLK,https://ofminc.com/products/ofm-ess-101-office-task-chair,Essentials by OFM ESS-101 Armless Task Chair,Chair,Black,,45.76,,"<p>
</p>",,http://images.salsify.com/image/upload/s--LFJKthHW--/m55pcmf8ydbm5mrplqdd.pdf,,,,250 pound ,Smart design: comfortable seat and back padding with stain-resistant fabric,Added ergonomic comfort: built-in lumbar support,Armless design: allows maximum flexibility and movement,Height adjustable: gas lift seat adjustment adapts chair to multiple body heights,250 pound weight capacity,,,,Assembly Instructions,http://images.salsify.com/image/upload/s--YJt2rBIh--/svrkbtvrnpzzagyaduxk.pdf,Tear Sheet,http://images.salsify.com/image/upload/s--LFJKthHW--/m55pcmf8ydbm5mrplqdd.pdf,https://cdn.shopify.com/s/files/1/0460/4428/3047/products/osgqvg2gnhj9ctgptn8f_large.jpg?v=1602702886,https://cdn.shopify.com/s/files/1/0460/4428/3047/products/lxd8mbbdkjd6qfpqsspa_large.jpg?v=1603310928,https://cdn.shopify.com/s/files/1/0460/4428/3047/products/b63b8omlmnt1qw1j7zw5_large.jpg?v=1603310928,https://cdn.shopify.com/s/files/1/0460/4428/3047/products/m4gcpcrqulauwsxwkqco_large.jpg?v=1603310928,https://cdn.shopify.com/s/files/1/0460/4428/3047/products/qh8ij43joxd00a5yrd3p_large.jpg?v=1603310928,,,,,
https://ofminc.com/,ESS-1020-SLV-HVT,https://ofminc.com/products/ofm-ess-1020-office-computer-desk,Essentials by OFM ESS-1020 L Desk with Metal Legs,Desk,Harvest,,116.56,135.36,"<p>Derived from the abstract artistic movement, OFM’s Desk with Metal Legs in the Essentials collection, Model ESS-1020, is the ideal geometric design to bring style to any workspace. The modern, clean details will enhance and blend with any environment; while the L-shaped top maximizes storage under the desk. This desk further amplifies elegance with the realistic wood grain look and texture. The superior construction allows up to 200lbs. of weight capacity.
</p>",,http://images.salsify.com/image/upload/s--NU5yHJ_q--/e22aohwfhxttrubkxswf.pdf,,,,Superior construction allows for a 200lbs. ,"A modern addition with an abstract flare, the clean lines and geometric sensibility to your work environment",The L-shaped construction will allow for storage maximization under the desk,The desk surface features a realistic wood grain look and texture,Superior construction allows for a 200lbs. weight capacity,This desk is available in 2 modern contemporary finishes,,,,Assembly Instructions,http://images.salsify.com/image/upload/s--Cgcftood--/mfjdeuitsklopfjy5r4l.pdf,Tear Sheet,http://images.salsify.com/image/upload/s--NU5yHJ_q--/e22aohwfhxttrubkxswf.pdf,https://cdn.shopify.com/s/files/1/0460/4428/3047/products/mxmcflpvphfg1j5oasuq_large.jpg?v=1620758038,https://cdn.shopify.com/s/files/1/0460/4428/3047/products/fatgiu7eodmravoywhaq_large.jpg?v=1620758038,https://cdn.shopify.com/s/files/1/0460/4428/3047/products/omsy5dmba5dceiiepu5w_large.jpg?v=1620758043,https://cdn.shopify.com/s/files/1/0460/4428/3047/products/og0ujedzqk1z7dvxusl1_large.jpg?v=1620758043,https://cdn.shopify.com/s/files/1/0460/4428/3047/products/latljjf1pvpwupjd1z3d_large.jpg?v=1620758043,,,,,
https://ofminc.com/,ESS-1020-BLK-ESP,https://ofminc.com/products/ofm-ess-1020-office-computer-desk,Essentials by OFM ESS-1020 L Desk with Metal Legs,Desk,Espresso,,103.09,171.99,"<p>Derived from the abstract artistic movement, OFM’s Desk with Metal Legs in the Essentials collection, Model ESS-1020, is the ideal geometric design to bring style to any workspace. The modern, clean details will enhance and blend with any environment; while the L-shaped top maximizes storage under the desk. This desk further amplifies elegance with the realistic wood grain look and texture. The superior construction allows up to 200lbs. of weight capacity.
</p>",,http://images.salsify.com/image/upload/s--NU5yHJ_q--/e22aohwfhxttrubkxswf.pdf,,,,Superior construction allows for a 200lbs. ,"A modern addition with an abstract flare, the clean lines and geometric sensibility to your work environment",The L-shaped construction will allow for storage maximization under the desk,The desk surface features a realistic wood grain look and texture,Superior construction allows for a 200lbs. weight capacity,This desk is available in 2 modern contemporary finishes,,,,Assembly Instructions,http://images.salsify.com/image/upload/s--Cgcftood--/mfjdeuitsklopfjy5r4l.pdf,Tear Sheet,http://images.salsify.com/image/upload/s--NU5yHJ_q--/e22aohwfhxttrubkxswf.pdf,https://cdn.shopify.com/s/files/1/0460/4428/3047/products/mxmcflpvphfg1j5oasuq_large.jpg?v=1620758038,https://cdn.shopify.com/s/files/1/0460/4428/3047/products/fatgiu7eodmravoywhaq_large.jpg?v=1620758038,https://cdn.shopify.com/s/files/1/0460/4428/3047/products/omsy5dmba5dceiiepu5w_large.jpg?v=1620758043,https://cdn.shopify.com/s/files/1/0460/4428/3047/products/og0ujedzqk1z7dvxusl1_large.jpg?v=1620758043,https://cdn.shopify.com/s/files/1/0460/4428/3047/products/latljjf1pvpwupjd1z3d_large.jpg?v=1620758043,,https://cdn.shopify.com/s/files/1/0460/4428/3047/products/dgwoqngctefdhteqmktr_large.jpg?v=1620758044,https://cdn.shopify.com/s/files/1/0460/4428/3047/products/vdbq76cye8tff7p9ufhx_large.jpg?v=1620758047,https://cdn.shopify.com/s/files/1/0460/4428/3047/products/eo5ulaop7dbqdaft50dh_large.jpg?v=1620758049,https://cdn.shopify.com/s/files/1/0460/4428/3047/products/uzprxxn9x67wvgqvc19p_large.jpg?v=1620758050
https://ofminc.com/,ESS-103-BLK,https://ofminc.com/products/ofm-ess-103-executive-office-chair,Essentials by OFM ESS-103 High Back Bonded Leather Manager's Chair,Chair,Black,,109.44,,"<p>
</p>",,http://images.salsify.com/image/upload/s--9dwbEYOG--/noupr2dgydufj5p67685.pdf,,,,250 pound ,"Soft, synthetic leather for an upscale look at a compelling price",Padded fixed arms: all-day support and comfort for upper body and shoulders,"Customized comfort: gas lift seat adapts chair to multiple body heights, while tilt lock adjusts sitting angle",Engineered for maximum comfort and durability,250 pound weight capacity,,,,Assembly Instructions,http://images.salsify.com/image/upload/s--f3X-CxBu--/jaypu4k4jyfpjcoqgryt.pdf,Tear Sheet,http://images.salsify.com/image/upload/s--9dwbEYOG--/noupr2dgydufj5p67685.pdf,https://cdn.shopify.com/s/files/1/0460/4428/3047/products/t1knoiofoqmhc5iq2wnp_large.jpg?v=1602702893,https://cdn.shopify.com/s/files/1/0460/4428/3047/products/k9qjjij2pc84ilr5qnfk_large.jpg?v=1603310952,https://cdn.shopify.com/s/files/1/0460/4428/3047/products/tvae8osfrlor9aqaidit_large.jpg?v=1603310952,https://cdn.shopify.com/s/files/1/0460/4428/3047/products/b9lmd6vxzf5daje6docz_large.jpg?v=1603310952,https://cdn.shopify.com/s/files/1/0460/4428/3047/products/joj0ywzy8ys1tdoc8qoc_large.jpg?v=1603310952,,,,,
https://ofminc.com/,ESS-1040-GRY-WNT,https://ofminc.com/products/ofm-ess-1040-office-computer-desk,Essentials by OFM ESS-1040 Office/Computer Desk and Workstation with Metal Legs,Desk,Walnut/Gray,,56.16,,"<p>Influenced by modern minimalism, OFM’s Office/Computer Desk and Workstation with Metal Legs in the Essentials collection, Model ESS 1040 will add a chic functionality to your workspace. This desk offers a spacious top with plenty of room for all workplace necessities. Although open-concept, this desk does have an integrated privacy screen, for the ability to transform into a more independent work area. Available in three neutral color options, with realistic wood grain appearance, it will seamlessly blend with all décor’.
</p>",,,,,,,"This computer desk is the epitome of simplistic elegance, the modern minimalist desk design blends perfectly in any décor",The integrated privacy screen is perfect for any confidential projects,"Because of its versatile design, this desk can be used in many different facets",The realistic wood grain appearance with subtle textures adds a touch of sophistication to any space,Available in 3 muted stylish colors,,,,Assembly Instructions,http://images.salsify.com/image/upload/s--DNjHalzf--/ze3hcp91xwil4atjmfde.pdf,,,,,,,https://cdn.shopify.com/s/files/1/0460/4428/3047/products/e4vqxupyx70fqvtceudu_large.jpg?v=1620758061,https://cdn.shopify.com/s/files/1/0460/4428/3047/products/zocasqvm53iwqgjib06o_large.jpg?v=1620758111,https://cdn.shopify.com/s/files/1/0460/4428/3047/products/t1zawfycjbrmp9bknfm8_large.jpg?v=1620758111,https://cdn.shopify.com/s/files/1/0460/4428/3047/products/somf5zohuvnrs3d6lms8_large.jpg?v=1620758111,,
https://ofminc.com/,ESS-1040-BLK-WHT,https://ofminc.com/products/ofm-ess-1040-office-computer-desk,Essentials by OFM ESS-1040 Office/Computer Desk and Workstation with Metal Legs,Desk,White/Black,,56.16,,"<p>Influenced by modern minimalism, OFM’s Office/Computer Desk and Workstation with Metal Legs in the Essentials collection, Model ESS 1040 will add a chic functionality to your workspace. This desk offers a spacious top with plenty of room for all workplace necessities. Although open-concept, this desk does have an integrated privacy screen, for the ability to transform into a more independent work area. Available in three neutral color options, with realistic wood grain appearance, it will seamlessly blend with all décor’.
</p>",,,,,,,"This computer desk is the epitome of simplistic elegance, the modern minimalist desk design blends perfectly in any décor",The integrated privacy screen is perfect for any confidential projects,"Because of its versatile design, this desk can be used in many different facets",The realistic wood grain appearance with subtle textures adds a touch of sophistication to any space,Available in 3 muted stylish colors,,,,Assembly Instructions,http://images.salsify.com/image/upload/s--DNjHalzf--/ze3hcp91xwil4atjmfde.pdf,,,https://cdn.shopify.com/s/files/1/0460/4428/3047/products/jwn0jjpbnwdkqj5m9h3s_large.jpg?v=1620758054,https://cdn.shopify.com/s/files/1/0460/4428/3047/products/wpkp35pzucv71ey2z9m8_large.jpg?v=1620758055,https://cdn.shopify.com/s/files/1/0460/4428/3047/products/eghuqzheutnpoq0aaqj2_large.jpg?v=1620758055,https://cdn.shopify.com/s/files/1/0460/4428/3047/products/mwnj6z6pvyc3ldsuqrjj_large.jpg?v=1620758061,https://cdn.shopify.com/s/files/1/0460/4428/3047/products/e4vqxupyx70fqvtceudu_large.jpg?v=1620758061,https://cdn.shopify.com/s/files/1/0460/4428/3047/products/zocasqvm53iwqgjib06o_large.jpg?v=1620758111,https://cdn.shopify.com/s/files/1/0460/4428/3047/products/t1zawfycjbrmp9bknfm8_large.jpg?v=1620758111,https://cdn.shopify.com/s/files/1/0460/4428/3047/products/somf5zohuvnrs3d6lms8_large.jpg?v=1620758111,,
https://ofminc.com/,ESS-1040-WHT-NAT,https://ofminc.com/products/ofm-ess-1040-office-computer-desk,Essentials by OFM ESS-1040 Office/Computer Desk and Workstation with Metal Legs,Desk,Natural/White,,48.36,72.99,"<p>Influenced by modern minimalism, OFM’s Office/Computer Desk and Workstation with Metal Legs in the Essentials collection, Model ESS 1040 will add a chic functionality to your workspace. This desk offers a spacious top with plenty of room for all workplace necessities. Although open-concept, this desk does have an integrated privacy screen, for the ability to transform into a more independent work area. Available in three neutral color options, with realistic wood grain appearance, it will seamlessly blend with all décor’.
</p>",,,,,,,"This computer desk is the epitome of simplistic elegance, the modern minimalist desk design blends perfectly in any décor",The integrated privacy screen is perfect for any confidential projects,"Because of its versatile design, this desk can be used in many different facets",The realistic wood grain appearance with subtle textures adds a touch of sophistication to any space,Available in 3 muted stylish colors,,,,Assembly Instructions,http://images.salsify.com/image/upload/s--DNjHalzf--/ze3hcp91xwil4atjmfde.pdf,,,https://cdn.shopify.com/s/files/1/0460/4428/3047/products/jwn0jjpbnwdkqj5m9h3s_large.jpg?v=1620758054,https://cdn.shopify.com/s/files/1/0460/4428/3047/products/wpkp35pzucv71ey2z9m8_large.jpg?v=1620758055,https://cdn.shopify.com/s/files/1/0460/4428/3047/products/eghuqzheutnpoq0aaqj2_large.jpg?v=1620758055,https://cdn.shopify.com/s/files/1/0460/4428/3047/products/mwnj6z6pvyc3ldsuqrjj_large.jpg?v=1620758061,https://cdn.shopify.com/s/files/1/0460/4428/3047/products/e4vqxupyx70fqvtceudu_large.jpg?v=1620758061,https://cdn.shopify.com/s/files/1/0460/4428/3047/products/zocasqvm53iwqgjib06o_large.jpg?v=1620758111,https://cdn.shopify.com/s/files/1/0460/4428/3047/products/t1zawfycjbrmp9bknfm8_large.jpg?v=1620758111,https://cdn.shopify.com/s/files/1/0460/4428/3047/products/somf5zohuvnrs3d6lms8_large.jpg?v=1620758111,https://cdn.shopify.com/s/files/1/0460/4428/3047/products/xvtuaxbouz5tjud8lfew_large.jpg?v=1620758111,https://cdn.shopify.com/s/files/1/0460/4428/3047/products/zaddlizdirg4csuwvkgc_large.jpg?v=1620758111
https://ofminc.com/,ESS-200-BLK,https://ofminc.com/products/ofm-ess-200-office-task-chair,Essentials by OFM ESS-200 Big and Tall Swivel Mesh Office Chair with Arms,Chair,Black,,158.62,,"<p>A staple amongst any office, OFM’s Big and Tall Swivel Mesh Office Chair with Arms in the Essentials collection, Model ESS-200, will add comfort to anyone tied to a desk all day. This chair boasts: a cooling, breathable mesh back, built in lumbar support, a tilt function, and a six-inch padded seat, characteristics that make it the ultimate office amenity. Weight capacity up to 400lbs.
</p>",,http://images.salsify.com/image/upload/s--MRMmQEMP--/zovwylevb6tv77yvxfol.pdf,,,,400 pound ,"Smart design: cooling, breathable mesh back and stain-resistant fabric seat",Adjustable-height arms: vertical positioning allows for added customization,"Added ergonomic comfort: built-in lumbar support, tilt function and 6 inch thick padded seat",Increased durability: five-star metal base includes casters,400 pound weight capacity,,,,Assembly Instructions,http://images.salsify.com/image/upload/s--iHwiilv1--/s6nsdeutytzkw6ah3hvb.pdf,Tear Sheet,http://images.salsify.com/image/upload/s--MRMmQEMP--/zovwylevb6tv77yvxfol.pdf,https://cdn.shopify.com/s/files/1/0460/4428/3047/products/a6wukouqvjkswxxlsgb8_large.jpg?v=1602702912,https://cdn.shopify.com/s/files/1/0460/4428/3047/products/u4qqw0f71zyuuxygwszk_large.jpg?v=1603310971,https://cdn.shopify.com/s/files/1/0460/4428/3047/products/d81btjnr6eor0iesyisi_large.jpg?v=1603310971,https://cdn.shopify.com/s/files/1/0460/4428/3047/products/cyv2krbowxamtswpfbdp_large.jpg?v=1603310971,https://cdn.shopify.com/s/files/1/0460/4428/3047/products/gxdhcssj5nemzslrmoim_large.jpg?v=1603310971,,,,,
https://ofminc.com/,ESS-201-BRN,https://ofminc.com/products/ofm-ess-201-executive-office-chair,Essentials by OFM ESS-201 Big and Tall Leather Executive Office Chair with Arms,Chair,Brown,,224.1,,"<p>
</p>",,http://images.salsify.com/image/upload/s--Q0rMroJz--/tvvhviqixibxpt2edxpy.pdf,,,,400 pound ,Padded fixed arms: all-day support and comfort for upper body and shoulders,"Customized comfort: gas lift seat adapts chair to multiple body heights, while tilt lock adjusts sitting angle",Rich bonded leather for an upscale look at a compelling price,Bronze mist frame finish,400 pound weight capacity with strong 5-star metal base,,,,Assembly Instructions,http://images.salsify.com/image/upload/s--XoRJvWY1--/d4qcvsa22dtjtrr7ah3g.pdf,Tear Sheet,http://images.salsify.com/image/upload/s--Q0rMroJz--/tvvhviqixibxpt2edxpy.pdf,https://cdn.shopify.com/s/files/1/0460/4428/3047/products/v0kfigyfhclfcankqwjx_large.jpg?v=1602702914,https://cdn.shopify.com/s/files/1/0460/4428/3047/products/dinjdicjbrptwxgorj8q_large.jpg?v=1603310977,https://cdn.shopify.com/s/files/1/0460/4428/3047/products/g0wlmq4e3wqyxycnuqke_large.jpg?v=1603310977,https://cdn.shopify.com/s/files/1/0460/4428/3047/products/uffgbybwegvtudfjke9o_large.jpg?v=1603310977,https://cdn.shopify.com/s/files/1/0460/4428/3047/products/z2vud6r0h51cmw0jyinp_large.jpg?v=1603310977,,,,,
https://ofminc.com/,ESS-202-BLK,https://ofminc.com/products/ofm-ess-202-executive-office-chair,Essentials by OFM ESS-202 Big and Tall Leather Executive Office Chair with Arms,Chair,Black,,204.84,,"<p>
</p>",,http://images.salsify.com/image/upload/s--5Ju3VaRK--/ngltvhvkcse8qstqlslp.pdf,,,,400 pound ,Padded fixed arms: all-day support and comfort for upper body and shoulders,"Customized comfort: gas lift seat adapts chair to multiple body heights, while tilt lock adjusts sitting angle",Deep bonded leather for an upscale look at a compelling price,Silver mist frame finish,400 pound weight capacity with strong 5-star metal base,,,,Assembly Instructions,http://images.salsify.com/image/upload/s--5_p-uoqm--/bcqbdwri0lc4ikteoi6w.pdf,Tear Sheet,http://images.salsify.com/image/upload/s--5Ju3VaRK--/ngltvhvkcse8qstqlslp.pdf,https://cdn.shopify.com/s/files/1/0460/4428/3047/products/pg1rlydlpcd7eolulnhw_large.jpg?v=1602702915,https://cdn.shopify.com/s/files/1/0460/4428/3047/products/nimcvmlhoogovldr52s8_large.jpg?v=1603310984,https://cdn.shopify.com/s/files/1/0460/4428/3047/products/xvpixqvngl6x1eegebll_large.jpg?v=1603310984,https://cdn.shopify.com/s/files/1/0460/4428/3047/products/uzmbnwtiobycfanlww3f_large.jpg?v=1603310984,https://cdn.shopify.com/s/files/1/0460/4428/3047/products/mbohik0mg6lkp0opica2_large.jpg?v=1603310984,,,,,
https://ofminc.com/,ESS-2080-BLK,https://ofminc.com/products/ofm-ess-2080-office-task-chair,Essentials by OFM ESS-2080 Mid-Back Bonded Leather Armless Chair,Chair,Black,,84.6,,"<p>
</p>",,,,,,250 lb. ,Simplified design is perfect for any home or office,Pneumatic seat height adjustment moves the seat up and down to adapt to various body heights,Black leather or fabric upholstered,Five-star base for increased durability,360 degree swivel,250 lb. weight capacity,,,,,,,https://cdn.shopify.com/s/files/1/0460/4428/3047/products/js1k7i4jj78kgzg6go1w_large.jpg?v=1602702916,https://cdn.shopify.com/s/files/1/0460/4428/3047/products/ch3fnloemp9d3njuk0jg_large.jpg?v=1603310996,https://cdn.shopify.com/s/files/1/0460/4428/3047/products/tpi6ezxnyl6iigkrp4h7_large.jpg?v=1603310996,https://cdn.shopify.com/s/files/1/0460/4428/3047/products/apgjv1huya4atgsrolok_large.jpg?v=1603310996,https://cdn.shopify.com/s/files/1/0460/4428/3047/products/dhohjbunrnyzfb8szkze_large.jpg?v=1603310996,,,,,
https://ofminc.com/,ESS-3010,https://ofminc.com/products/ofm-ess-3010-office-task-chair,"Essentials by OFM ESS-3010 Swivel Mesh Back Armless Task Chair, Mid Back",Chair,Black,,33.26,,"<p>
</p>",,http://images.salsify.com/image/upload/s--zInemUHV--/utpmdyd6ojd3revwsut3.pdf,,,,250 pound ,Cooling mesh back: added comfort with breathable fabric that conforms to upper body,Center-tilt and tilt-tension control: adjust chair and seat back recline for greater comfort and work preferences,360 degree swivel: freedom of movement in any direction,Engineered for maximum comfort and durability,250 pound weight capacity,,,,Assembly Instructions,http://images.salsify.com/image/upload/s--mjE-rd_T--/hrosxfxk3dza7ksxy2fy.pdf,Tear Sheet,http://images.salsify.com/image/upload/s--zInemUHV--/utpmdyd6ojd3revwsut3.pdf,https://cdn.shopify.com/s/files/1/0460/4428/3047/products/bchvulc1dkrgvoabog5v_large.jpg?v=1602702929,https://cdn.shopify.com/s/files/1/0460/4428/3047/products/mdmxbsq04fmr96web51q_large.jpg?v=1603311042,https://cdn.shopify.com/s/files/1/0460/4428/3047/products/qpnilac7qdfxi8rrj4yi_large.jpg?v=1603311042,https://cdn.shopify.com/s/files/1/0460/4428/3047/products/tbrqhzvzvdk0o6ltr5x7_large.jpg?v=1603311042,https://cdn.shopify.com/s/files/1/0460/4428/3047/products/qktbrkrh46lsmgvnkwqg_large.jpg?v=1603311042,,,,,
https://ofminc.com/,ESS-3011,https://ofminc.com/products/ofm-ess-3011-office-task-chair,"Essentials by OFM ESS-3011 Swivel Mesh Back Task Chair with Arms, Mid Back",Chair,Black,,38.0,,"<p>
</p>",,http://images.salsify.com/image/upload/s--HYdry2RI--/bc6g3yt89psqskaeiaet.pdf,,,,250 pound ,Cooling mesh back: added comfort with breathable fabric that conforms to upper body,Fixed arms: all-day support for upper body and shoulders,Center-tilt and tilt-tension control: adjust chair and seat back recline for greater comfort and work preferences,Engineered for maximum comfort and durability,250 pound weight capacity,,,,Assembly Instructions,http://images.salsify.com/image/upload/s--JMp1UAf6--/vxomzxlf7puvqdunmo5d.pdf,Tear Sheet,http://images.salsify.com/image/upload/s--HYdry2RI--/bc6g3yt89psqskaeiaet.pdf,https://cdn.shopify.com/s/files/1/0460/4428/3047/products/lpbjbffcwgqpqa13qt5l_large.jpg?v=1602702931,https://cdn.shopify.com/s/files/1/0460/4428/3047/products/yw5wbjor1mjlbjujldst_large.jpg?v=1603311050,https://cdn.shopify.com/s/files/1/0460/4428/3047/products/zkjw0hgzymtvi84prwmi_large.jpg?v=1603311050,https://cdn.shopify.com/s/files/1/0460/4428/3047/products/pgpgzgwan3ncbalbekw4_large.jpg?v=1603311050,https://cdn.shopify.com/s/files/1/0460/4428/3047/products/d1gzpmd8h4jekhxmuo02_large.jpg?v=1603311050,,,,,
https://ofminc.com/,ESS-3020,https://ofminc.com/products/ofm-ess-3020-office-task-chair,Essentials by OFM ESS-3020 Swivel Mesh Back Armless Task Chair,Chair,Black,,36.0,,"<p>Timelessly functional, OFM’s Swivel Mesh Back Armless Task Chair in the Essentials collection, Model ESS-3020, is a necessity for any workspace. A desk job can wreak havoc on your joints and back, to combat this the Task Chair has been engineered for maximum comfort. The cooling mesh back allows the breathable fabric to promote air circulation, while the armless design provides versatility and options to move about. Whether short or tall the pneumatic height adjustable seat adapts to multiple body types. Weight capacity up to 250lbs.
</p>",,http://images.salsify.com/image/upload/s--DKXwWtIy--/luxs4hlec7sy1es22d38.pdf,,,,250 pound ,Cooling mesh back: added comfort with breathable fabric that conforms to upper body,360 degree swivel: freedom of movement in any direction,Generously scaled design at an affordable price,Engineered for maximum comfort and durability,250 pound weight capacity,,,,Assembly Instructions,http://images.salsify.com/image/upload/s--V1MnCiT5--/ekglsbjzueaz7rs9joto.pdf,Tear Sheet,http://images.salsify.com/image/upload/s--DKXwWtIy--/luxs4hlec7sy1es22d38.pdf,https://cdn.shopify.com/s/files/1/0460/4428/3047/products/xsmxekkpms33izfvjkzn_large.jpg?v=1602702937,https://cdn.shopify.com/s/files/1/0460/4428/3047/products/ljg9xmq6cyuqf1g6oddc_large.jpg?v=1603311058,https://cdn.shopify.com/s/files/1/0460/4428/3047/products/wczvwfgoibikeunajdmc_large.jpg?v=1603311058,https://cdn.shopify.com/s/files/1/0460/4428/3047/products/kihscthdpbfstftt7acy_large.jpg?v=1603311058,https://cdn.shopify.com/s/files/1/0460/4428/3047/products/sw5k3npj7qdyp4sbozua_large.jpg?v=1603311058,,,,,
https://ofminc.com/,ESS-3040,https://ofminc.com/products/ofm-ess-3040-office-task-chair,Essentials by OFM ESS-3040 Swivel Mesh High-Back Task Chair with Arms,Chair,Black,,61.77,,"<p>Timelessly functional OFM’s Swivel Mesh Back Task Chair with Arms, in the Essentials collection, Model ESS-3040, is a necessity for any workspace. A desk job can wreak havoc on your joints and back, to combat this the Task Chair has been engineered for maximum comfort. The cooling mesh back allows the breathable fabric to promote air circulation, while the fixed arms provide all-day support to your upper body. Whether short or tall the pneumatic height adjustable seat adapts to multiple body types. Weight capacity up to 250lbs.
</p>",,http://images.salsify.com/image/upload/s--m2kEtloo--/nlgkugwbdrzqwrfav9e9.pdf,,,,250 pound ,Cooling mesh back: added comfort with breathable fabric that promotes air circulation,Center-tilt and tilt-tension control: adjust chair and seat back recline for greater comfort and work preferences,Ergonomic back frame provides increased support and comfort while fixed arms provide upper body support,Engineered for maximum comfort and durability,250 pound weight capacity,,,,Assembly Instructions,http://images.salsify.com/image/upload/s--AA_T7pMB--/innpf0vwkhfggqhejh8o.pdf,Tear Sheet,http://images.salsify.com/image/upload/s--m2kEtloo--/nlgkugwbdrzqwrfav9e9.pdf,https://cdn.shopify.com/s/files/1/0460/4428/3047/products/gxyqjszofhftjjm39qpq_large.jpg?v=1602702938,https://cdn.shopify.com/s/files/1/0460/4428/3047/products/ydssqh1drxxbv9jdo1ws_large.jpg?v=1603311064,https://cdn.shopify.com/s/files/1/0460/4428/3047/products/faeqvveumq0aptfssixz_large.jpg?v=1603311064,https://cdn.shopify.com/s/files/1/0460/4428/3047/products/ldsomcqccoxpif1odghb_large.jpg?v=1603311064,https://cdn.shopify.com/s/files/1/0460/4428/3047/products/pmqdpkk3lrzvpijjjemb_large.jpg?v=1603311064,,,,,
https://ofminc.com/,ESS-3050,https://ofminc.com/products/ofm-ess-3050-office-task-chair,Essentials by OFM ESS-3050 3-Paddle Ergonomic Mesh High-Back Task Chair with Arms and Lumbar Support,Chair,Black,,156.6,,"<p>
</p>",,http://images.salsify.com/image/upload/s--IsEPUp4w--/pegda4r0sulx63juyz82.pdf,,,,250 pound ,Cooling mesh back: added comfort with breathable fabric that promotes air circulation,Adjustable back: vertical positioning adapts to fit various body sizes while independent back angle adjustment helps reduce pressure on the lower spine,Ergonomically formed seat fits nearly any body and adjustable-height arms allow for added customization,Engineered for maximum comfort and durability,250 pound weight capacity,,,,Assembly Instructions,http://images.salsify.com/image/upload/s--Ylhq8DZZ--/zfxxmlhqc7ljgg8qnsyl.pdf,Tear Sheet,http://images.salsify.com/image/upload/s--IsEPUp4w--/pegda4r0sulx63juyz82.pdf,https://cdn.shopify.com/s/files/1/0460/4428/3047/products/hwxggbxvv4ntqrxpqixo_large.jpg?v=1602702944,https://cdn.shopify.com/s/files/1/0460/4428/3047/products/rrhl6b1evdelabs9qqqr_large.jpg?v=1603311084,https://cdn.shopify.com/s/files/1/0460/4428/3047/products/tge41x7r9dcqkdgin3pb_large.jpg?v=1603311084,https://cdn.shopify.com/s/files/1/0460/4428/3047/products/kriniznu05dy3zxzr63b_large.jpg?v=1603311084,https://cdn.shopify.com/s/files/1/0460/4428/3047/products/tfysejup35oqftg0fygx_large.jpg?v=1603311084,,,,,
